Tanggal Transaksi,Nama Sales,Harga Asli,Customer,Tipe Produk
28/2/2021,Octroy,"Rp41,000.00",Ade,Produk A
9/2/2021,Aini,"Rp270,000.00",Qayug,Produk A
26/3/2021,Octroy,"Rp255,000.00",Ixoim,Produk D
20/3/2021,Octroy,"Rp1,025,000.00",Yinoh,Produk C
4/4/2021,Agus,"Rp130,000.00",Hoosnestrond,Produk C
16/4/2021,Dena,"Rp25,000.00",Oozu,Produk C
1/5/2021,Octroy,"Rp2,899,000.00",Bzayan,Produk B
1/3/2021,Aini,"Rp385,000.00",Cuphulien,Produk D
26/3/2021,Aini,"Rp295,000.00",Safluvis,Produk G
21/4/2021,Octroy,"Rp130,000.00",Boubacar,Produk C
17/3/2021,Agus,"Rp3,304,000.00",Mudiwa,Produk B
29/4/2021,Octroy,"Rp147,000.00",Ade,Produk G
13/4/2021,Agus,"Rp614,480.00",Ufuoma,Produk E
28/2/2021,Octroy,"Rp1,543,050.00",Wiati,Produk B
18/4/2021,Dena,"Rp360,000.00",Bluaxia,Produk F
16/6/2021,Aini,"Rp283,000.00",Olabode,Produk B
6/6/2021,Octroy,"Rp430,000.00",Kunju,Produk B
15/7/2021,Agus,"Rp450,000.00",Shashou,Produk G
17/3/2021,Aini,"Rp252,803.00",Chinweuba,Produk B
21/3/2021,Agus,"Rp222,000.00",Bluaxia,Produk F
29/4/2021,Dena,"Rp26,700.00",Gar,Produk F
5/2/2021,Octroy,"Rp575,000.00",Noshom,Produk E
1/6/2021,Agus,"Rp160,000.00",Doux,Produk C
25/2/2021,Agus,"Rp310,000.00",Shashou,Produk C
8/6/2021,Aini,"Rp131,000.00",Bluaxia,Produk C
4/1/2021,Octroy,"Rp4,103,000.00",Dubaku,Produk F
10/4/2021,Agus,"Rp16,000.00",Saazteec,Produk E
6/4/2021,Aini,"Rp40,000.00",Ezii,Produk G
17/4/2021,Octroy,"Rp550,000.00",Shashou,Produk B
8/7/2021,Dena,"Rp88,000.00",Gnuci,Produk D
2/1/2021,Aini,"Rp405,000.00",Cuphulien,Produk A
3/2/2021,Aini,,Jeingzou,Produk C
17/2/2021,Agus,,Glite,Produk D
10/2/2021,Octroy,"Rp290,000.00",Ezii,Produk G
2/5/2021,Agus,"Rp195,300.00",Bzayan,Produk E
9/5/2021,Octroy,"Rp60,000.00",Meefgaib,Produk F
14/7/2021,Octroy,"Rp71,000.00",Abdoul,Produk C
4/4/2021,Aini,"Rp1,430,000.00",Adegoke,Produk D
13/3/2021,Agus,"Rp2,304,700.00",Ousmane,Produk G
10/6/2021,Octroy,"Rp250,000.00",Wiati,Produk D
27/6/2021,Dena,"Rp185,000.00",Thauzhash,Produk D
14/4/2021,Octroy,"Rp95,000.00",Usah,Produk F
22/7/2021,Octroy,"Rp120,000.00",Ufuoma,Produk A
3/8/2021,Dena,"Rp710,000.00",Tepmuvapp,Produk E
22/1/2021,Dena,"Rp1,060,000.00",Jeingzou,Produk A
22/3/2021,Octroy,"Rp250,000.00",Ixoim,Produk G
17/5/2021,Octroy,"Rp850,000.00",Ganizani,Produk E
24/2/2021,Agus,"Rp130,000.00",Wevishar,Produk F
4/3/2021,Agus,"Rp2,928,700.00",Eniola,Produk E
12/5/2021,Aini,"Rp700,000.00",Boubacar,Produk G
3/1/2021,Aini,"Rp715,000.00",Ganizani,Produk D
8/2/2021,Dena,"Rp965,000.00",Glite,Produk C
14/2/2021,Aini,"Rp768,000.00",Gar,Produk F
6/7/2021,Octroy,"Rp1,653,500.00",Bluaxia,Produk B
1/3/2021,Agus,"Rp2,349,000.00",Olabode,Produk B
10/6/2021,Aini,"Rp8,000.00",Bzayan,Produk D
31/5/2021,Agus,"Rp2,904,000.00",Hoosnestrond,Produk E
1/4/2021,Agus,"Rp1,030,000.00",Bluaxia,Produk G
5/7/2021,Agus,"Rp130,000.00",Safluvis,Produk B
19/7/2021,Dena,"Rp230,000.00",Ixoim,Produk B
31/7/2021,Dena,"Rp2,904,000.00",Okafor,Produk E
8/3/2021,Dena,"Rp208,000.00",Wiati,Produk B
8/7/2021,Agus,"Rp1,115,000.00",Yinoh,Produk B
15/1/2021,Dena,"Rp120,000.00",Ufuoma,Produk A
18/4/2021,Agus,"Rp2,403,000.00",Gnuci,Produk F
10/3/2021,Octroy,"Rp235,000.00",Ade,Produk E
24/6/2021,Agus,"Rp735,000.00",Jeingzou,Produk C
7/1/2021,Dena,"Rp350,000.00",Yinoh,Produk A
28/6/2021,Aini,"Rp890,000.00",Adegoke,Produk C
27/2/2021,Aini,"Rp161,000.00",Ganizani,Produk F
15/4/2021,Agus,"Rp88,000.00",Bzayan,Produk C
3/3/2021,Octroy,"Rp480,000.00",Okafor,Produk E
18/4/2021,Aini,"Rp1,059,000.00",Thauzhash,Produk A
23/6/2021,Agus,"Rp70,000.00",Evii,Produk D
2/1/2021,Agus,"Rp170,000.00",Cuphulien,Produk G
2/4/2021,Octroy,"Rp130,000.00",Khimma,Produk D
2/1/2021,Aini,"Rp730,000.00",Nah,Produk D
31/7/2021,Aini,"Rp236,000.00",Wiati,Produk G
16/3/2021,Octroy,"Rp3,299,000.00",Doux,Produk C
6/8/2021,Octroy,"Rp407,400.00",Adegoke,Produk A
26/5/2021,Aini,"Rp1,438,000.00",Mygneo,Produk F
10/3/2021,Agus,"Rp1,575,000.00",Idoob,Produk F
29/7/2021,Octroy,"Rp1,059,000.00",Tichaona,Produk C
14/1/2021,Agus,"Rp557,000.00",Nah,Produk D
31/7/2021,Octroy,"Rp57,000.00",Bzayan,Produk D
25/5/2021,Octroy,"Rp780,000.00",Ixoim,Produk G
25/5/2021,Octroy,"Rp130,000.00",Mygneo,Produk B
10/1/2021,Dena,"Rp150,000.00",Tichaona,Produk A
16/3/2021,Agus,"Rp1,269,280.00",Nah,Produk B
17/7/2021,Agus,"Rp552,000.00",Mudiwa,Produk B
3/7/2021,Agus,"Rp190,000.00",Ousmane,Produk E
8/4/2021,Dena,"Rp180,000.00",Dubaku,Produk B
23/7/2021,Aini,"Rp130,000.00",Adegoke,Produk A
24/6/2021,Aini,"Rp240,000.00",Okafor,Produk D
16/4/2021,Agus,"Rp438,000.00",Tichaona,Produk C
27/7/2021,Aini,"Rp90,000.00",Evii,Produk B
21/6/2021,Octroy,"Rp88,000.00",Jeingzou,Produk C
25/4/2021,Octroy,"Rp70,000.00",Chi,Produk G
1/6/2021,Aini,"Rp70,000.00",Nah,Produk B
29/5/2021,Agus,"Rp194,000.00",Ekyboo,Produk F
5/4/2021,Aini,"Rp575,000.00",Ade,Produk F
29/1/2021,Aini,"Rp150,000.00",Meefgaib,Produk B
17/2/2021,Aini,"Rp150,000.00",Idoob,Produk F
8/3/2021,Aini,"Rp765,000.00",Chinweuba,Produk D
31/5/2021,Dena,"Rp522,000.00",Ousmane,Produk D
3/5/2021,Aini,"Rp380,000.00",Ganizani,Produk D
9/5/2021,Aini,"Rp285,000.00",Abdoul,Produk C
4/4/2021,Octroy,"Rp155,000.00",Meefgaib,Produk E
9/5/2021,Octroy,"Rp242,000.00",Cuphulien,Produk E
5/1/2021,Octroy,"Rp2,904,000.00",Saazteec,Produk D
4/2/2021,Agus,"Rp1,031,750.00",Ade,Produk D
18/5/2021,Aini,"Rp225,000.00",Thokozani,Produk F
6/7/2021,Octroy,"Rp303,000.00",Evii,Produk E
14/6/2021,Octroy,"Rp27,400,000.00",Evii,Produk C
29/5/2021,Agus,"Rp609,125.00",Oozu,Produk D
5/6/2021,Agus,"Rp667,000.00",Tepmuvapp,Produk A
12/4/2021,Octroy,"Rp1,750,365.00",Ousmane,Produk A
21/4/2021,Aini,"Rp1,244,000.00",Oozu,Produk G
16/7/2021,Agus,"Rp2,904,000.00",Taurai,Produk C
11/3/2021,Dena,"Rp265,000.00",Mygneo,Produk F
25/4/2021,Agus,"Rp120,000.00",Noshom,Produk C
9/1/2021,Aini,"Rp130,000.00",Wevishar,Produk G
26/6/2021,Aini,"Rp235,000.00",Doux,Produk B
8/7/2021,Aini,"Rp6,699,000.00",Ezii,Produk E
7/4/2021,Octroy,"Rp272,000.00",Chinweuba,Produk F
13/6/2021,Aini,"Rp1,011,000.00",Ezii,Produk D
5/7/2021,Agus,"Rp90,000.00",Chuo,Produk D
5/1/2021,Dena,"Rp51,000.00",Ekyboo,Produk F
16/7/2021,Agus,"Rp61,000.00",Glite,Produk G
8/7/2021,Octroy,"Rp70,000.00",Mudiwa,Produk C
5/5/2021,Dena,"Rp66,000.00",Thokozani,Produk A
30/1/2021,Agus,"Rp61,200.00",Kamau,Produk E
2/1/2021,Octroy,"Rp93,000.00",Thauzhash,Produk D
27/1/2021,Aini,"Rp110,000.00",Axzab,Produk D
13/3/2021,Agus,"Rp124,000.00",Boubacar,Produk A
16/5/2021,Aini,"Rp85,000.00",Thokozani,Produk F
2/4/2021,Aini,"Rp575,000.00",Khimma,Produk D
31/3/2021,Dena,"Rp393,000.00",Noshom,Produk B
28/6/2021,Octroy,"Rp430,000.00",Mygneo,Produk G
6/1/2021,Octroy,"Rp296,500.00",Usah,Produk C
25/6/2021,Octroy,"Rp1,750,000.00",Wiati,Produk E
12/2/2021,Agus,"Rp310,000.00",Bzayan,Produk E
30/5/2021,Octroy,"Rp310,000.00",Ekyboo,Produk A
22/5/2021,Octroy,"Rp2,110,000.00",Gaggada,Produk G
14/6/2021,Agus,"Rp2,253,000.00",Chuo,Produk D
21/2/2021,Octroy,"Rp370,000.00",Gar,Produk E
25/4/2021,Octroy,"Rp705,000.00",Ekyboo,Produk E
18/3/2021,Aini,"Rp25,000.00",Gaggada,Produk A
5/4/2021,Aini,"Rp359,000.00",Chi,Produk F
15/1/2021,Agus,"Rp300,000.00",Bluaxia,Produk B
30/5/2021,Dena,"Rp525,000.00",Adegoke,Produk B
21/2/2021,Octroy,"Rp150,000.00",Tepmuvapp,Produk F
5/5/2021,Octroy,"Rp215,000.00",Bzayan,Produk B
5/3/2021,Aini,"Rp760,000.00",Idoob,Produk D
9/5/2021,Aini,"Rp3,150,000.00",Axzab,Produk A
23/6/2021,Aini,"Rp553,000.00",Evii,Produk C
9/1/2021,Aini,"Rp1,090,000.00",Nah,Produk C
31/5/2021,Octroy,"Rp450,000.00",Ekyboo,Produk F
10/4/2021,Aini,"Rp535,000.00",Wevishar,Produk G
6/7/2021,Octroy,"Rp2,353,000.00",Khimma,Produk B
4/4/2021,Aini,"Rp322,000.00",Taurai,Produk D
2/4/2021,Agus,"Rp885,000.00",Saazteec,Produk G
5/8/2021,Octroy,"Rp415,000.00",Oozu,Produk E
15/5/2021,Aini,"Rp6,370,000.00",Dubaku,Produk B
17/7/2021,Octroy,"Rp65,000.00",Cuphulien,Produk G
23/3/2021,Aini,"Rp6,703,000.00",Mygneo,Produk A
2/7/2021,Aini,"Rp125,000.00",Usah,Produk C
1/1/2021,Octroy,"Rp88,000.00",Ufuoma,Produk F
20/2/2021,Agus,"Rp74,000.00",Gaggada,Produk C
31/1/2021,Aini,"Rp215,000.00",Tepmuvapp,Produk D
18/3/2021,Dena,"Rp502,000.00",Kayin,Produk D
14/2/2021,Agus,"Rp242,000.00",Okafor,Produk F
5/4/2021,Octroy,"Rp142,000.00",Chinweuba,Produk G
25/4/2021,Aini,"Rp27,124,000.00",Taurai,Produk G
8/6/2021,Aini,"Rp442,000.00",Bzayan,Produk G
28/1/2021,Aini,"Rp575,000.00",Mygneo,Produk C
4/6/2021,Aini,"Rp385,000.00",Tichaona,Produk A
5/8/2021,Octroy,"Rp260,000.00",Tepmuvapp,Produk D
31/1/2021,Aini,"Rp23,332.00",Mygneo,Produk F
31/1/2021,Dena,"Rp230,000.00",Gaggada,Produk A
29/4/2021,Aini,"Rp150,000.00",Yinoh,Produk A
21/5/2021,Dena,"Rp25,000.00",Adegoke,Produk G
27/1/2021,Aini,"Rp2,904,000.00",Ezii,Produk D
25/1/2021,Octroy,,Okafor,Produk G
6/4/2021,Aini,"Rp20,469.00",Bzayan,Produk E
19/2/2021,Dena,"Rp1,000,000.00",Gnuci,Produk G
8/3/2021,Aini,"Rp210,000.00",Chinweuba,Produk F
7/6/2021,Agus,"Rp340,000.00",Khimma,Produk C
23/3/2021,Octroy,,Dejen,Produk D
10/7/2021,Aini,"Rp191,000.00",Dubaku,Produk B
28/7/2021,Aini,"Rp145,000.00",Dejen,Produk B
4/5/2021,Aini,"Rp85,000.00",Khimma,Produk E
24/4/2021,Aini,"Rp85,000.00",Bluaxia,Produk A
30/5/2021,Octroy,"Rp184,000.00",Safluvis,Produk F
27/6/2021,Octroy,"Rp385,000.00",Evii,Produk E
14/1/2021,Agus,"Rp225,000.00",Ousmane,Produk E
8/6/2021,Agus,"Rp131,000.00",Kunju,Produk C
7/7/2021,Aini,"Rp3,349,500.00",Ufuoma,Produk A
18/6/2021,Octroy,"Rp675,275.00",Mygneo,Produk G
25/3/2021,Aini,"Rp685,000.00",Ade,Produk A
22/1/2021,Aini,"Rp377,000.00",Yinoh,Produk B
23/3/2021,Dena,"Rp810,000.00",Gaggada,Produk F
4/7/2021,Octroy,"Rp1,560,000.00",Olabode,Produk C
17/2/2021,Aini,"Rp1,575,000.00",Nah,Produk E
15/4/2021,Agus,"Rp265,000.00",Jeingzou,Produk B
11/4/2021,Aini,"Rp985,000.00",Khimma,Produk G
21/2/2021,Aini,"Rp130,000.00",Noshom,Produk C
9/4/2021,Aini,"Rp1,409,000.00",Taurai,Produk E
23/6/2021,Dena,"Rp19,000.00",Gaggada,Produk C
5/6/2021,Agus,"Rp184,000.00",Okafor,Produk E
17/3/2021,Octroy,"Rp651,000.00",Ade,Produk F
7/2/2021,Octroy,"Rp375,000.00",Adegoke,Produk E
30/4/2021,Aini,"Rp1,900,000.00",Moes,Produk E
29/5/2021,Aini,"Rp190,000.00",Shashou,Produk C
8/1/2021,Aini,"Rp97,000.00",Saazteec,Produk A
7/5/2021,Octroy,"Rp1,267,500.00",Chuo,Produk E
14/2/2021,Agus,"Rp331,000.00",Nah,Produk D
22/6/2021,Aini,"Rp143,000.00",Kayin,Produk E
16/1/2021,Aini,,Saazteec,Produk D
7/7/2021,Aini,"Rp260,000.00",Thauzhash,Produk D
14/2/2021,Octroy,,Ixoim,Produk G
13/6/2021,Dena,"Rp70,000.00",Oozu,Produk E
25/5/2021,Octroy,"Rp2,145,600.00",Tichaona,Produk A
4/3/2021,Octroy,"Rp131,000.00",Noshom,Produk C
12/2/2021,Octroy,"Rp190,000.00",Ezii,Produk C
2/1/2021,Octroy,"Rp86,000.00",Gnuci,Produk E
6/8/2021,Octroy,"Rp1,930,000.00",Qayug,Produk C
18/7/2021,Agus,"Rp1,085,000.00",Nah,Produk C
4/2/2021,Aini,"Rp18,000.00",Gar,Produk C
2/5/2021,Octroy,"Rp1,285,000.00",Cuphulien,Produk E
21/4/2021,Aini,"Rp270,000.00",Ganizani,Produk E
24/4/2021,Aini,"Rp150,000.00",Mudiwa,Produk D
21/6/2021,Agus,"Rp525,000.00",Jeingzou,Produk E
16/3/2021,Octroy,"Rp965,000.00",Bluaxia,Produk D
5/7/2021,Octroy,"Rp26,805.00",Bzayan,Produk A
23/6/2021,Aini,"Rp60,000.00",Kunju,Produk D
15/5/2021,Dena,"Rp60,000.00",Nah,Produk E
12/2/2021,Aini,"Rp3,449,000.00",Usah,Produk F
23/3/2021,Octroy,"Rp190,000.00",Cuphulien,Produk A
11/6/2021,Octroy,"Rp139,000.00",Tepmuvapp,Produk D
22/2/2021,Aini,"Rp450,000.00",Evii,Produk D
23/7/2021,Dena,"Rp125,000.00",Nah,Produk D
11/7/2021,Agus,"Rp41,000.00",Mudiwa,Produk F
26/1/2021,Dena,"Rp790,000.00",Bzayan,Produk F
1/7/2021,Octroy,"Rp2,904,000.00",Moes,Produk A
29/5/2021,Agus,"Rp1,059,000.00",Mudiwa,Produk D
3/4/2021,Octroy,"Rp490,000.00",Chuo,Produk A
19/7/2021,Octroy,"Rp810,000.00",Tichaona,Produk A
10/6/2021,Aini,"Rp709,000.00",Ekyboo,Produk E
17/1/2021,Aini,"Rp145,000.00",Adegoke,Produk B
7/2/2021,Octroy,"Rp1,750,000.00",Gaggada,Produk F
3/6/2021,Agus,"Rp735,000.00",Thokozani,Produk E
17/2/2021,Aini,"Rp103,000.00",Moes,Produk F
3/6/2021,Octroy,"Rp665,000.00",Tepmuvapp,Produk A
22/2/2021,Aini,"Rp3,299,000.00",Kunju,Produk B
10/3/2021,Aini,"Rp71,000.00",Adegoke,Produk F
10/2/2021,Dena,"Rp480,000.00",Kunju,Produk D
31/3/2021,Aini,"Rp1,500,000.00",Tepmuvapp,Produk G
26/5/2021,Octroy,"Rp285,000.00",Mygneo,Produk F
31/1/2021,Agus,"Rp285,000.00",Bluaxia,Produk G
4/5/2021,Octroy,"Rp160,000.00",Eniola,Produk E
21/7/2021,Aini,"Rp460,000.00",Kamau,Produk D
18/7/2021,Aini,"Rp460,000.00",Jeingzou,Produk G
9/3/2021,Aini,"Rp1,235,300.00",Wiati,Produk F
5/4/2021,Dena,"Rp2,353,000.00",Tepmuvapp,Produk B
9/7/2021,Agus,"Rp240,000.00",Ekyboo,Produk E
11/1/2021,Aini,"Rp402,000.00",Ousmane,Produk E
20/1/2021,Octroy,"Rp719,000.00",Khimma,Produk C
4/4/2021,Aini,"Rp130,000.00",Gnuci,Produk F
29/4/2021,Dena,"Rp60,000.00",Saazteec,Produk G
26/5/2021,Aini,"Rp122,000.00",Ganizani,Produk D
21/7/2021,Octroy,"Rp310,000.00",Mygneo,Produk C
22/4/2021,Aini,"Rp880,000.00",Saazteec,Produk D
4/5/2021,Aini,"Rp25,000.00",Qayug,Produk G
22/1/2021,Aini,"Rp2,904,000.00",Dubaku,Produk D
8/4/2021,Aini,"Rp93,000.00",Tepmuvapp,Produk D
17/7/2021,Octroy,"Rp163,000.00",Wevishar,Produk F
4/3/2021,Aini,"Rp3,299,000.00",Ousmane,Produk F
24/7/2021,Aini,"Rp770,000.00",Mygneo,Produk E
8/2/2021,Aini,"Rp2,904,000.00",Thauzhash,Produk F
27/5/2021,Dena,"Rp350,000.00",Tichaona,Produk D
11/5/2021,Dena,"Rp169,999.00",Gaggada,Produk F
20/6/2021,Agus,"Rp71,000.00",Mygneo,Produk B
18/7/2021,Aini,"Rp624,000.00",Taurai,Produk F
28/5/2021,Agus,"Rp515,000.00",Bluaxia,Produk F
20/6/2021,Agus,"Rp359,000.00",Idoob,Produk F
18/1/2021,Octroy,"Rp151,000.00",Doux,Produk E
20/2/2021,Aini,"Rp75,000.00",Dejen,Produk A
24/1/2021,Aini,"Rp154,000.00",Ufuoma,Produk C
6/8/2021,Aini,"Rp1,031,500.00",Thauzhash,Produk E
28/3/2021,Aini,,Adegoke,Produk F
7/7/2021,Aini,"Rp130,000.00",Khimma,Produk A
23/5/2021,Agus,"Rp360,000.00",Chuo,Produk G
10/3/2021,Aini,"Rp260,000.00",Qayug,Produk E
21/6/2021,Dena,"Rp70,000.00",Glite,Produk E
18/6/2021,Aini,"Rp2,904,000.00",Ekyboo,Produk A
20/6/2021,Aini,"Rp305,000.00",Wiati,Produk F
12/1/2021,Aini,"Rp710,000.00",Boubacar,Produk G
30/1/2021,Dena,"Rp301,000.00",Bluaxia,Produk D
9/5/2021,Dena,"Rp95,000.00",Axzab,Produk D
15/4/2021,Aini,"Rp674,750.00",Boubacar,Produk B
15/3/2021,Octroy,"Rp1,225,000.00",Idoob,Produk B
1/2/2021,Octroy,"Rp70,000.00",Ufuoma,Produk C
3/6/2021,Agus,"Rp244,000.00",Ade,Produk E
29/6/2021,Octroy,"Rp240,000.00",Mygneo,Produk F
24/6/2021,Agus,"Rp144,000.00",Axzab,Produk B
9/1/2021,Aini,"Rp178,000.00",Mudiwa,Produk F
21/3/2021,Octroy,"Rp378,000.00",Ixoim,Produk C
3/5/2021,Agus,"Rp32,000.00",Chinweuba,Produk B
23/1/2021,Octroy,"Rp198,000.00",Tichaona,Produk A
23/4/2021,Aini,"Rp260,000.00",Moes,Produk G
7/5/2021,Dena,,Qayug,Produk F
9/1/2021,Agus,"Rp938,250.00",Tichaona,Produk C
10/7/2021,Aini,"Rp78,000.00",Thokozani,Produk F
16/4/2021,Dena,"Rp35,000.00",Mudiwa,Produk E
20/7/2021,Aini,"Rp175,000.00",Thauzhash,Produk A
18/2/2021,Octroy,"Rp2,900,000.00",Oozu,Produk E
7/2/2021,Aini,"Rp1,050,000.00",Tichaona,Produk C
5/6/2021,Octroy,"Rp549,000.00",Wevishar,Produk C
25/4/2021,Aini,"Rp2,904,000.00",Eniola,Produk B
16/5/2021,Agus,"Rp534,000.00",Tepmuvapp,Produk E
14/3/2021,Dena,"Rp91,000.00",Ousmane,Produk E
1/1/2021,Octroy,"Rp405,000.00",Wiati,Produk C
7/1/2021,Octroy,"Rp139,000.00",Gnuci,Produk B
17/2/2021,Agus,"Rp709,000.00",Taurai,Produk B
5/2/2021,Agus,"Rp1,085,000.00",Boubacar,Produk G
24/3/2021,Aini,,Chi,Produk G
8/5/2021,Aini,"Rp2,904,000.00",Moes,Produk G
8/3/2021,Octroy,"Rp2,904,000.00",Nah,Produk E
3/7/2021,Aini,"Rp2,900,000.00",Olabode,Produk B
14/2/2021,Dena,"Rp2,999,000.00",Oozu,Produk D
5/1/2021,Dena,"Rp663,000.00",Gar,Produk E
17/1/2021,Dena,"Rp2,604,000.00",Tichaona,Produk C
11/6/2021,Dena,"Rp1,254,000.00",Chuo,Produk B
29/6/2021,Dena,"Rp2,999,000.00",Gnuci,Produk E
1/5/2021,Dena,"Rp5,203,000.00",Ezii,Produk E
14/1/2021,Dena,"Rp150,000.00",Doux,Produk B
3/3/2021,Dena,"Rp2,604,000.00",Wevishar,Produk E
26/5/2021,Dena,"Rp1,799,000.00",Ekyboo,Produk G
19/6/2021,Dena,"Rp7,499,000.00",Oozu,Produk A
26/1/2021,Dena,"Rp150,000.00",Okafor,Produk F
2/4/2021,Dena,"Rp575,000.00",Thauzhash,Produk C
27/6/2021,Dena,"Rp5,203,000.00",Ade,Produk A
10/2/2021,Dena,"Rp1,732,600.00",Ixoim,Produk F
14/2/2021,Dena,"Rp2,904,000.00",Kunju,Produk G
22/4/2021,Dena,"Rp150,000.00",Mygneo,Produk E
17/6/2021,Dena,"Rp2,649,000.00",Hoosnestrond,Produk A
10/6/2021,Dena,"Rp2,399,000.00",Wevishar,Produk G
20/4/2021,Dena,"Rp3,304,000.00",Khimma,Produk F
11/3/2021,Dena,"Rp1,995,000.00",Khimma,Produk C
11/6/2021,Dena,"Rp2,900,000.00",Noshom,Produk E
21/3/2021,Dena,"Rp6,699,000.00",Ekyboo,Produk G
21/3/2021,Dena,"Rp7,499,000.00",Idoob,Produk E
17/4/2021,Dena,"Rp1,499,500.00",Usah,Produk E
17/3/2021,Dena,"Rp3,299,000.00",Tichaona,Produk E
7/8/2021,Dena,"Rp2,904,000.00",Wevishar,Produk G
24/4/2021,Dena,"Rp7,399,000.00",Wevishar,Produk E
20/3/2021,Dena,"Rp5,199,000.00",Tichaona,Produk D
17/3/2021,Dena,"Rp2,904,000.00",Meefgaib,Produk E
11/3/2021,Dena,,Axzab,Produk G
8/3/2021,Dena,"Rp2,904,000.00",Saazteec,Produk E
5/2/2021,Dena,"Rp2,004,000.00",Doux,Produk G
29/4/2021,Dena,"Rp3,003,000.00",Wiati,Produk A
27/3/2021,Dena,"Rp4,779,000.00",Bzayan,Produk C
28/2/2021,Dena,"Rp1,725,000.00",Khimma,Produk A
27/5/2021,Dena,"Rp150,000.00",Chinweuba,Produk D
29/6/2021,Dena,,Bzayan,Produk G
23/2/2021,Dena,"Rp20,000.00",Thauzhash,Produk C
9/5/2021,Dena,"Rp120,000.00",Doux,Produk D
29/3/2021,Dena,"Rp435,000.00",Nah,Produk E
18/6/2021,Dena,"Rp7,550,000.00",Axzab,Produk B
24/6/2021,Dena,"Rp40,000.00",Mudiwa,Produk D
16/7/2021,Dena,"Rp950,000.00",Ekyboo,Produk A
24/7/2021,Dena,"Rp534,000.00",Ganizani,Produk F
27/5/2021,Dena,"Rp150,000.00",Moes,Produk D
18/1/2021,Dena,"Rp172,000.00",Mudiwa,Produk B
14/4/2021,Dena,"Rp6,999,000.00",Kamau,Produk F
16/7/2021,Dena,"Rp1,250,000.00",Tepmuvapp,Produk C
29/1/2021,Dena,"Rp510,000.00",Doux,Produk A
1/3/2021,Dena,"Rp2,249,000.00",Ganizani,Produk D
3/4/2021,Dena,"Rp760,000.00",Chi,Produk B
16/4/2021,Dena,"Rp110,000.00",Axzab,Produk F
21/6/2021,Dena,"Rp813,125.00",Gaggada,Produk D
27/7/2021,Dena,"Rp2,050,000.00",Cuphulien,Produk A
2/6/2021,Dena,"Rp696,962.00",Bzayan,Produk F
9/7/2021,Octroy,"Rp9,499,000.00",Evii,Produk B
24/1/2021,Octroy,"Rp103,000.00",Safluvis,Produk E
28/5/2021,Octroy,"Rp104,000.00",Axzab,Produk F
16/1/2021,Octroy,,Bluaxia,Produk G
20/7/2021,Octroy,"Rp7,000,000.00",Dubaku,Produk D
27/5/2021,Octroy,"Rp2,353,000.00",Ade,Produk B
3/6/2021,Octroy,"Rp1,650,000.00",Abdoul,Produk G
25/7/2021,Octroy,"Rp6,000,000.00",Saazteec,Produk C
24/4/2021,Octroy,"Rp4,150,000.00",Oozu,Produk A
31/5/2021,Octroy,"Rp380,000.00",Thokozani,Produk G
12/1/2021,Octroy,"Rp1,650,000.00",Jeingzou,Produk B
30/6/2021,Octroy,"Rp4,200,000.00",Okafor,Produk G
8/2/2021,Octroy,"Rp1,288,000.00",Safluvis,Produk D
7/8/2021,Octroy,"Rp5,900,000.00",Taurai,Produk D
2/4/2021,Octroy,"Rp103,000.00",Jeingzou,Produk D
21/4/2021,Octroy,"Rp3,000,000.00",Kunju,Produk D
18/5/2021,Octroy,"Rp663,000.00",Safluvis,Produk E
3/4/2021,Octroy,"Rp5,000,000.00",Kunju,Produk E
9/1/2021,Octroy,"Rp3,553,000.00",Ufuoma,Produk B
9/3/2021,Octroy,"Rp6,000,000.00",Bzayan,Produk G
20/3/2021,Aini,"Rp142,000.00",Gar,Produk B
16/1/2021,Aini,"Rp150,000.00",Glite,Produk G
13/7/2021,Aini,"Rp195,000.00",Cuphulien,Produk B
31/5/2021,Aini,"Rp240,000.00",Usah,Produk F
30/7/2021,Aini,"Rp265,000.00",Gaggada,Produk E
27/4/2021,Agus,"Rp167,000.00",Axzab,Produk B
10/4/2021,Agus,"Rp2,500,000.00",Evii,Produk B
21/7/2021,Agus,"Rp5,242,764.00",Qayug,Produk D
14/4/2021,Agus,"Rp100,980.00",Axzab,Produk C
4/5/2021,Agus,"Rp3,003,000.00",Glite,Produk E
8/7/2021,Agus,"Rp2,922,700.00",Cuphulien,Produk D
9/5/2021,Agus,"Rp6,415,000.00",Noshom,Produk B
21/5/2021,Agus,"Rp7,375,000.00",Noshom,Produk B
5/6/2021,Agus,,Doux,Produk A
1/4/2021,Agus,"Rp2,170,000.00",Ade,Produk D
8/3/2021,Agus,"Rp2,242,000.00",Thauzhash,Produk A
22/5/2021,Agus,,Abdoul,Produk A
15/7/2021,Agus,"Rp2,904,000.00",Chuo,Produk B
16/5/2021,Agus,"Rp540,000.00",Wiati,Produk B
26/4/2021,Agus,"Rp219,125.00",Ganizani,Produk A
23/2/2021,Agus,"Rp540,000.00",Olabode,Produk D
13/3/2021,Agus,"Rp2,900,000.00",Nah,Produk A
12/3/2021,Agus,"Rp3,003,000.00",Gaggada,Produk B
15/5/2021,Agus,"Rp5,103,000.00",Bzayan,Produk G
25/5/2021,Agus,"Rp1,803,000.00",Bzayan,Produk D
9/3/2021,Agus,,Jeingzou,Produk F
26/3/2021,Agus,"Rp384,000.00",Thauzhash,Produk F
6/6/2021,Agus,"Rp1,930,000.00",Evii,Produk E
12/1/2021,Agus,"Rp2,503,000.00",Glite,Produk B
29/5/2021,Agus,"Rp540,000.00",Kayin,Produk E
6/4/2021,Agus,"Rp3,003,000.00",Ade,Produk E
13/3/2021,Agus,"Rp6,499,000.00",Mygneo,Produk E
20/5/2021,Agus,"Rp2,904,000.00",Gaggada,Produk B
12/6/2021,Agus,"Rp6,415,000.00",Chi,Produk E
3/1/2021,Agus,"Rp2,000,000.00",Hoosnestrond,Produk G
12/5/2021,Agus,"Rp6,499,000.00",Mygneo,Produk A
17/3/2021,Agus,"Rp7,999,000.00",Ezii,Produk C
1/7/2021,Agus,"Rp2,500,000.00",Noshom,Produk E
25/7/2021,Agus,"Rp30,000.00",Usah,Produk C
7/5/2021,Agus,"Rp150,000.00",Ekyboo,Produk G
24/6/2021,Agus,"Rp100,980.00",Olabode,Produk G
12/6/2021,Agus,,Wiati,Produk F
6/3/2021,Agus,"Rp150,000.00",Safluvis,Produk G
17/4/2021,Agus,"Rp103,000.00",Axzab,Produk G
14/2/2021,Agus,"Rp2,000,000.00",Kamau,Produk C
18/2/2021,Agus,"Rp1,210,000.00",Kunju,Produk D
9/4/2021,Agus,"Rp540,000.00",Saazteec,Produk G
31/7/2021,Agus,"Rp2,350,000.00",Chi,Produk C
4/7/2021,Agus,"Rp150,000.00",Shashou,Produk A
7/2/2021,Agus,"Rp100,980.00",Dejen,Produk E
24/4/2021,Agus,"Rp6,503,000.00",Thauzhash,Produk E
8/6/2021,Agus,"Rp5,000,000.00",Shashou,Produk B
7/7/2021,Agus,,Ixoim,Produk B
